{
  "name" : "AccountType",
  "type" : "ENUMVALUES",
  "enumValues" : [ {
    "canonicalName" : "저축 계좌",
    "synonyms" : [ "저축", "checking", "저축계좌에", "저축계좌", "저축계좌의" ]
  }, {
    "canonicalName" : "예금 계좌",
    "synonyms" : [ "예금 계좌", "예금", "예금계좌에", "예금계좌", "예금계좌에서" ]
  }, {
    "canonicalName" : "credit card",
    "synonyms" : [ "card", "카드", "신용카드", "카드에서" ]
  } ],
  "namedEntityRuleParams" : [ ],
  "prompts" : [ "Please enter AccountType" ],
  "multiValue" : false,
  "fuzzyMatch" : false,
  "promptForDisambiguation" : true,
  "botPrompts" : [ {
    "text" : "Please enter AccountType",
    "sequenceNr" : null
  } ],
  "validationRules" : [ ],
  "compositeBagItems" : [ ]
}