{
  "name" : "DateSpecifier",
  "type" : "ENUMVALUES",
  "enumValues" : [ {
    "canonicalName" : "어제",
    "synonyms" : null
  }, {
    "canonicalName" : "지난 주말",
    "synonyms" : null
  }, {
    "canonicalName" : "지난 주",
    "synonyms" : [ "저번 주" ]
  }, {
    "canonicalName" : "지난 달",
    "synonyms" : [ "저번 달" ]
  }, {
    "canonicalName" : "작년",
    "synonyms" : null
  } ],
  "namedEntityRuleParams" : [ ],
  "prompts" : [ "Please enter DateSpecifier" ],
  "multiValue" : false,
  "fuzzyMatch" : false,
  "promptForDisambiguation" : true,
  "botPrompts" : [ {
    "text" : "Please enter DateSpecifier",
    "sequenceNr" : null
  } ],
  "validationRules" : [ ],
  "compositeBagItems" : [ ]
}