{
  "name" : "ToAccount",
  "type" : "ENUMVALUES",
  "enumValues" : [ {
    "canonicalName" : "팀장님",
    "synonyms" : [ "팀장", "팀장님께" ]
  }, {
    "canonicalName" : "엄마",
    "synonyms" : [ "어머니", "엄마한테" ]
  }, {
    "canonicalName" : "부장님",
    "synonyms" : [ "부장" ]
  }, {
    "canonicalName" : "베이비시터",
    "synonyms" : [ "베이비씨터", "베이비 시터", "보모" ]
  } ],
  "namedEntityRuleParams" : [ ],
  "prompts" : [ "Please enter ToAccount" ],
  "multiValue" : false,
  "fuzzyMatch" : false,
  "promptForDisambiguation" : true,
  "botPrompts" : [ {
    "text" : "Please enter ToAccount",
    "sequenceNr" : null
  } ],
  "validationRules" : [ ],
  "compositeBagItems" : [ ]
}