{
  "name" : "TrackSpendingCategory",
  "type" : "ENUMVALUES",
  "enumValues" : [ {
    "canonicalName" : "가스",
    "synonyms" : [ "gas" ]
  }, {
    "canonicalName" : "리테일",
    "synonyms" : [ "retail", "옷", "책" ]
  }, {
    "canonicalName" : "여행",
    "synonyms" : [ "travel" ]
  }, {
    "canonicalName" : "택시",
    "synonyms" : [ "uber" ]
  }, {
    "canonicalName" : "음식점",
    "synonyms" : [ "restaurant", "레스토랑" ]
  }, {
    "canonicalName" : "카페",
    "synonyms" : [ "coffee", "커피" ]
  }, {
    "canonicalName" : "식료품",
    "synonyms" : [ "food", "grocery", "장" ]
  } ],
  "namedEntityRuleParams" : [ ],
  "prompts" : [ "Please enter TrackSpendingCategory" ],
  "multiValue" : false,
  "fuzzyMatch" : false,
  "promptForDisambiguation" : true,
  "botPrompts" : [ {
    "text" : "Please enter TrackSpendingCategory",
    "sequenceNr" : null
  } ],
  "validationRules" : [ ],
  "compositeBagItems" : [ ]
}