{
  "name" : "TransactionSelector",
  "type" : "ENUMVALUES",
  "enumValues" : [ {
    "canonicalName" : "last 2",
    "synonyms" : null
  }, {
    "canonicalName" : "last 3",
    "synonyms" : null
  }, {
    "canonicalName" : "last 4",
    "synonyms" : null
  }, {
    "canonicalName" : "last 5",
    "synonyms" : null
  }, {
    "canonicalName" : "largest",
    "synonyms" : [ "most expensive" ]
  }, {
    "canonicalName" : "smallest",
    "synonyms" : [ "cheapest" ]
  } ],
  "namedEntityRuleParams" : [ ],
  "prompts" : [ "Please enter TransactionSelector" ],
  "multiValue" : false,
  "fuzzyMatch" : false,
  "promptForDisambiguation" : true,
  "botPrompts" : [ {
    "text" : "Please enter TransactionSelector",
    "sequenceNr" : null
  } ],
  "validationRules" : [ ],
  "compositeBagItems" : [ ]
}