{
  "name" : "CancelPizza",
  "type" : "NLPIntent",
  "intentParameters" : [ ],
  "exampleData" : [ {
    "sentence" : "I really don't want the Pizza anymore",
    "exampleEntities" : [ ]
  }, {
    "sentence" : "I'd like to cancel my order please",
    "exampleEntities" : [ ]
  }, {
    "sentence" : "Need to cancel my order",
    "exampleEntities" : [ ]
  }, {
    "sentence" : "Can i cancel my order?",
    "exampleEntities" : [ ]
  }, {
    "sentence" : "I don't want my Pizza anymore",
    "exampleEntities" : [ ]
  }, {
    "sentence" : "Please cancel my pizza order",
    "exampleEntities" : [ ]
  }, {
    "sentence" : "Cancel my order",
    "exampleEntities" : [ ]
  }, {
    "sentence" : "Its been more than 20 mts. Please cancel my order and issue a refund to my card.",
    "exampleEntities" : [ ]
  }, {
    "sentence" : "Cancel my Pizza please",
    "exampleEntities" : [ ]
  }, {
    "sentence" : "How do I cancel my order?",
    "exampleEntities" : [ ]
  }, {
    "sentence" : "Don't need my Pie anymore",
    "exampleEntities" : [ ]
  }, {
    "sentence" : "Please don't deliver my Pizza",
    "exampleEntities" : [ ]
  } ]
}