{
  "name" : "CancelPizza",
  "intentParameters" : [ ],
  "exampleData" : [ {
    "sentence" : "주문 취소 되나요",
    "exampleEntities" : [ ]
  }, {
    "sentence" : "취소 해주세요",
    "exampleEntities" : [ ]
  }, {
    "sentence" : "방금전에 주문 했는데 취소 할께요",
    "exampleEntities" : [ ]
  }, {
    "sentence" : "주문 취소 하고 싶어요",
    "exampleEntities" : [ ]
  }, {
    "sentence" : "주문 취소 해주세요",
    "exampleEntities" : [ ]
  }, {
    "sentence" : "주문 취소 될까요",
    "exampleEntities" : [ ]
  }, {
    "sentence" : "주문 취소 할래요",
    "exampleEntities" : [ ]
  }, {
    "sentence" : "취소 할수 있을까요",
    "exampleEntities" : [ ]
  }, {
    "sentence" : "주문 취소 하고 싶어요",
    "exampleEntities" : [ ]
  }, {
    "sentence" : "취소할래요",
    "exampleEntities" : [ ]
  } ]
}