{
  "name" : "ShowMenu",
  "intentParameters" : [ ],
  "exampleData" : [ {
    "sentence" : "메뉴가 어떻게 되나요",
    "exampleEntities" : [ ]
  }, {
    "sentence" : "어떤 음식이 있나요",
    "exampleEntities" : [ ]
  }, {
    "sentence" : "메뉴",
    "exampleEntities" : [ ]
  }, {
    "sentence" : "메뉴 보여줘",
    "exampleEntities" : [ ]
  }, {
    "sentence" : "메뉴 보여주세요",
    "exampleEntities" : [ ]
  }, {
    "sentence" : "메뉴판 보여줘봐",
    "exampleEntities" : [ ]
  } ]
}