{
  "name" : "Track Spending",
  "type" : "NLPIntent",
  "intentParameters" : [ {
    "name" : "duration",
    "required" : true,
    "entity" : "DURATION"
  }, {
    "name" : "spendingCategory",
    "required" : true,
    "entity" : "TrackSpendingCategory"
  }, {
    "name" : "date",
    "required" : true,
    "entity" : "DATE"
  } ],
  "exampleData" : [ {
    "sentence" : "6월에 옷에 얼마 썼나요?",
    "exampleEntities" : [ ]
  }, {
    "sentence" : "10월 2일에 저의 지출은 얼마인가요",
    "exampleEntities" : [ ]
  }, {
    "sentence" : "작년에 Apple에서 얼마 썼나요?",
    "exampleEntities" : [ ]
  }, {
    "sentence" : "2016년에 돈 얼마 썼나요?",
    "exampleEntities" : [ ]
  }, {
    "sentence" : "지난주에 얼마썼나요?",
    "exampleEntities" : [ ]
  }, {
    "sentence" : "지난 주에 식료품에 얼마썼죠?",
    "exampleEntities" : [ ]
  }, {
    "sentence" : "10월 2일에 저의 지출은 얼마인가요?",
    "exampleEntities" : [ ]
  }, {
    "sentence" : "지난 달 기름값에 얼마썼죠?",
    "exampleEntities" : [ ]
  }, {
    "sentence" : "지난 주말에 얼마 썼죠?",
    "exampleEntities" : [ ]
  }, {
    "sentence" : "지난 달에 Starbucks에서 쓴 돈이 얼마인가요?",
    "exampleEntities" : [ ]
  }, {
    "sentence" : "10월에 옷에 대한 지출 목록 보여주세요",
    "exampleEntities" : [ ]
  } ]
}