{
  "name" : "Send Money",
  "type" : "NLPIntent",
  "intentParameters" : [ {
    "name" : "toAccount",
    "required" : true,
    "entity" : "ToAccount"
  }, {
    "name" : "date",
    "required" : true,
    "entity" : "CURRENCY"
  }, {
    "name" : "accountType",
    "required" : true,
    "entity" : "AccountType"
  } ],
  "exampleData" : [ {
    "sentence" : "아빠 계좌에 10달러 보내",
    "exampleEntities" : [ ]
  }, {
    "sentence" : "Lauren에게 사진값 25달러 보내",
    "exampleEntities" : [ ]
  }, {
    "sentence" : "아빠에게 200달러 계좌이체 해주세요",
    "exampleEntities" : [ ]
  }, {
    "sentence" : "매달 1일에 Cleo한테 월세를 내",
    "exampleEntities" : [ ]
  }, {
    "sentence" : "점심값 20달러 보내줘",
    "exampleEntities" : [ ]
  }, {
    "sentence" : "매달 엄마에게 500달러 보내줘",
    "exampleEntities" : [ ]
  }, {
    "sentence" : "20달러를 송금해줘",
    "exampleEntities" : [ ]
  } ]
}