{
  "name" : "PizzaSize",
  "type" : "ENUMVALUES",
  "enumValues" : [ {
    "canonicalName" : "Small",
    "synonyms" : null
  }, {
    "canonicalName" : "Medium",
    "synonyms" : [ "normal" ]
  }, {
    "canonicalName" : "Large",
    "synonyms" : [ "big" ]
  } ],
  "namedEntityRuleParams" : [ ],
  "prompts" : [ "Please enter PizzaSize" ],
  "multiValue" : false,
  "fuzzyMatch" : false,
  "promptForDisambiguation" : true,
  "botPrompts" : [ {
    "text" : "Please enter PizzaSize",
    "sequenceNr" : null
  } ],
  "validationRules" : [ ],
  "compositeBagItems" : [ ]
}