{
  "name" : "TransactionType",
  "type" : "ENUMVALUES",
  "enumValues" : [ {
    "canonicalName" : "deposits",
    "synonyms" : null
  }, {
    "canonicalName" : "withdrawals",
    "synonyms" : null
  }, {
    "canonicalName" : "payments",
    "synonyms" : null
  }, {
    "canonicalName" : "checks",
    "synonyms" : null
  }, {
    "canonicalName" : "debits",
    "synonyms" : null
  }, {
    "canonicalName" : "credits",
    "synonyms" : null
  } ],
  "namedEntityRuleParams" : [ ],
  "prompts" : [ "Please enter TransactionType" ]
}