
{
    "apiName":"BankingCC",
    "apiVersion":"1.0",
    "apiId":"3291ec91-77e8-46f6-b27c-c17f4a9bb170",
    "baseUrl":"https://AA79EF4BB90C4D6AB2247DE67ACB949C.mobile.ocp.oraclecloud.com:443",
    "tokenEndpoint":"https://idcs-576cae5d7b9c4ab8a77a02818f1bb457.identity.oraclecloud.com/oauth2/v1/token",
    "backend":{
        "backendId":"dcb7eafd-8a10-44fe-9223-abacd66a3d04",
        "backendName":"chatbot",
        "backendVersion":"1.0",
        "authorization":{
            "anonymousKey":"QUE3OUVGNEJCOTBDNEQ2QUIyMjQ3REU2N0FDQjk0OUNfTW9iaWxlQW5vbnltb3VzX0FQUElEOmI4NDU0Y2VhLTgxYzAtNDZlZC1hZjAxLTdkZTc3MmVjYmFmNA==",
            "clientId":"f7519e79de53456fa279c3f1fe61ff11",
            "clientSecret":"c26656c0-d2f4-498a-b12b-548a683470d6"
        }
    },
    "tools":{
        "deployment":{
            "tempDirectory":"c:\\tmp\\mcs-deploy"
        },
        "authorization":{
            "clientId":"f7519e79de53456fa279c3f1fe61ff11",
            "clientSecret":"c26656c0-d2f4-498a-b12b-548a683470d6"
        }
    },
    "container":{
        "oracleMobileApiName":"OracleMobileAPI",
        "port":4000
    },
    "tests":{
        "getComponents":{
            "method":"GET",
            "resource":"/components"
        }
    }
}