{
  "name" : "OrderPizza",
  "intentParameters" : [ {
    "name" : "PizzaSize",
    "required" : true,
    "entity" : "PizzaSize"
  } ],
  "exampleData" : [ {
    "sentence" : "메뉴가 뭐가 있나요",
    "exampleEntities" : [ ]
  }, {
    "sentence" : "피자 주문하고 싶어요",
    "exampleEntities" : [ ]
  }, {
    "sentence" : "치즈 피자 주문할게요",
    "exampleEntities" : [ ]
  }, {
    "sentence" : "주문할께요",
    "exampleEntities" : [ ]
  }, {
    "sentence" : "주문해주세요",
    "exampleEntities" : [ ]
  }, {
    "sentence" : "주문 되나요",
    "exampleEntities" : [ ]
  }, {
    "sentence" : "피자 주문 하고 싶어요",
    "exampleEntities" : [ ]
  }, {
    "sentence" : "주문 받나요",
    "exampleEntities" : [ ]
  }, {
    "sentence" : "피자 주문 가능한가요",
    "exampleEntities" : [ ]
  }, {
    "sentence" : "피자 주문",
    "exampleEntities" : [ ]
  } ]
}